<?xml version="1.0" encoding="utf-8" ?>
<dwsync>
<file name="active.php" server="C:/wamp/www/GFCMS_08082011/" local="129549440600000000" remote="129549440600000000" />
<file name="add.php" server="C:/wamp/www/GFCMS_08082011/" local="129549369160000000" remote="129549369160000000" />
<file name="default.php" server="C:/wamp/www/GFCMS_08082011/" local="129549440760000000" remote="129549440760000000" />
<file name="delete.php" server="C:/wamp/www/GFCMS_08082011/" local="129540016160000000" remote="129540016160000000" />
<file name="edit.php" server="C:/wamp/www/GFCMS_08082011/" local="129549440400000000" remote="129549440400000000" />
<file name="list.php" server="C:/wamp/www/GFCMS_08082011/" local="129692782260000000" remote="129692782260000000" />
<file name="add.php" server="D:/wamp/www/GFCMS/" local="129653395735204279" remote="129653395730000000" />
<file name="list.php" server="D:/wamp/www/GFCMS/" local="129652971012233201" remote="129652971010000000" />
<file name="edit.php" server="D:/wamp/www/GFCMS/" local="129653395824509387" remote="129653395820000000" />
<file name="delete.php" server="D:/wamp/www/GFCMS/" local="129653043821047627" remote="129653043820000000" />
<file name="message.php" server="D:/wamp/www/GFCMS/" local="129652985473960364" remote="129652985470000000" />
<file name="active.php" server="D:/wamp/www/ServerDC/" local="129662292622976556" remote="129662292620000000" />
<file name="delete.php" server="D:/wamp/www/ServerDC/" local="129662293048498370" remote="129662293040000000" />
<file name="list.php" server="D:/wamp/www/ServerDC/" local="129662298760827562" remote="129662298760000000" />
</dwsync>